BioSample	Run
SAMN02414881	SRR1146381
SAMN02414883	SRR1144724
SAMN02414988	SRR1165568
SAMN02414963	SRR1165581
SAMN02419619	SRR1163112
SAMN02414960	SRR1165598
SAMN08436099	SRR6650398
SAMN08436097	SRR6650389
SAMN02414952	SRR1165567
SAMN02414845	SRR1165596
SAMN02414982	SRR1165558
SAMEA2534974	ERR552875
SAMN02414989	SRR1165527
SAMN08795350	SRR6896379
SAMEA2535055	ERR552989
SAMN08436101	SRR6650346
SAMEA2534425	ERR2199766
SAMEA5329278	ERR3148036
SAMEA2535330	ERR2199750
SAMN08629329	SRR6797705
SAMEA2533861	ERR2200046
SAMEA2534000	ERR2199758
SAMEA2535186	ERR553165
SAMN08436087	SRR6650108
SAMEA2534689	ERR2199757
SAMN04385691	SRR3085308
SAMEA2533942	ERR551440
SAMEA104394461	ERR2199845
SAMN08629315	SRR6797294
SAMEA104394436	ERR2199815
SAMEA2533753	ERR551176
SAMN08629259	SRR6797481
SAMEA2534330	ERR551983
SAMEA2533542	ERR550884
SAMEA2535310	ERR2200060
SAMN34257594	SRR24222996
SAMN02419609	SRR1169118
SAMN08629418	SRR6797511
SAMN08436194	SRR6650103
SAMN08629396	SRR6797776
SAMN08436026	SRR6650168
SAMEA7423391	ERR4872201
SAMN08435998	SRR6650235
SAMEA2534929	ERR2199747
SAMN08436024	SRR6650198
SAMEA2534399	ERR2199748
SAMEA2517365	ERR498296
SAMEA104394567	ERR11081311
SAMN08436183	SRR6650385
SAMEA2533615	ERR550989
SAMEA2534507	ERR552238
SAMEA2534823	ERR552690
SAMN08436176	SRR6650368
SAMEA2534980	ERR552887
SAMEA2533849	ERR551308
SAMN08629433	SRR6797861
SAMEA2533996	ERR551516
SAMN08436014	SRR6650161
SAMEA2533389	ERR550683
SAMEA2534307	ERR551943
SAMN08629270	SRR6797644
SAMEA2534809	ERR552669
SAMN08629484	SRR6797837
SAMEA2535095	ERR553047
SAMN08629366	SRR6797639
SAMN08629436	SRR6797856
SAMEA2533463	ERR550779
SAMN08436195	SRR6650428
SAMEA2534197	ERR551795
SAMN04385749	SRR3082104
SAMN08629490	SRR6797792
SAMN08436222	SRR6650283
SAMEA2533708	ERR551112
SAMEA2535221	ERR2200022
SAMN08436010	SRR6650127
SAMN08436034	SRR6650401
SAMN08629265	SRR6797633
SAMN02414935	SRR1144767
SAMEA2534711	ERR552531
SAMN08629455	SRR6797456
SAMN08629338	SRR6797443
SAMN08629256	SRR6797478
SAMN08629002	SRR6797505
SAMEA2534973	ERR552873
SAMN08436150	SRR6650175
SAMN08629358	SRR6797833
SAMEA2534597	ERR552364
SAMEA2534557	ERR552309
SAMEA2533595	ERR550963
SAMEA2534828	ERR2199968
SAMEA2534162	ERR551744
SAMN02414921	SRR1144770
SAMN08629472	SRR6797596
SAMEA2533604	ERR550977
SAMEA2533879	ERR551353
SAMN08629096	SRR6797713
SAMEA2533485	ERR550809
SAMEA2535241	ERR2200094
SAMEA2533898	ERR551378
SAMN04385748	SRR3082103
SAMEA2535184	ERR553162
SAMN08629430	SRR6797685
SAMEA2533554	ERR550908
SAMN08629260	SRR6797471
SAMN08629106	SRR6797547
SAMEA2533774	ERR2200030
SAMEA2534185	ERR551777
SAMN08629435	SRR6797863
SAMEA2533379	ERR550668
SAMEA2535106	ERR2199793
SAMN08629266	SRR6797632
SAMEA2534166	ERR551749
SAMEA2534086	ERR551641
SAMEA2533364	ERR550647
SAMN08436143	SRR6650182
SAMN08629486	SRR6797628
SAMN08629017	SRR6797585
SAMN08436189	SRR6650379
SAMEA2534207	ERR551810
SAMEA2533987	ERR551501
SAMN08629257	SRR6797479
SAMN08629458	SRR6797451
SAMEA2534291	ERR551921
SAMEA2535210	ERR2200064
SAMEA2534025	ERR551558
SAMEA2517416	ERR498350
SAMEA2534864	ERR552739
SAMN08436105	SRR6650350
SAMN08629538	SRR6797343
SAMN08436266	SRR6650321
SAMEA2534075	ERR551622
SAMEA2534442	ERR552144
SAMEA2535243	ERR553247
SAMEA2533673	ERR551069
SAMEA2534924	ERR552816
SAMEA2534205	ERR551806
SAMEA2535185	ERR553169
SAMN08629423	SRR6797676
SAMEA3170445	ERR2515392
SAMN08629148	SRR6797656
SAMEA2534780	ERR552632
SAMEA2534468	ERR552182
SAMN08795216	SRR6896198
SAMEA7549016	ERR4815656
SAMN08629007	SRR6797502
SAMEA2534918	ERR552807
SAMN02414923	SRR1144804
SAMEA2534338	ERR551996
SAMEA2534705	ERR552522
SAMN08436008	SRR6650119
SAMEA2517421	ERR498364
SAMEA7551399	ERR4818036
SAMN08629362	SRR6797426
SAMEA2535201	ERR553189
SAMN08629013	SRR6797589
SAMEA2517420	ERR498361
SAMN08436084	SRR6650111
SAMN08629074	SRR6797699
SAMEA2534732	ERR552559
SAMEA2517419	ERR498357
SAMEA2534272	ERR2199768
SAMEA2534084	ERR551635
SAMN08629105	SRR6797550
SAMEA2534992	ERR552908
SAMN04385705	SRR3085323
SAMEA2534739	ERR552570
SAMEA115434313	ERR12796613
SAMN08629136	SRR6797843
SAMEA2535081	ERR2199778
SAMN08436205	SRR6650302
SAMN08436094	SRR6650394
SAMEA7553557	ERR4820191
SAMEA2535082	ERR553032
SAMN08629268	SRR6797630
SAMEA2533887	ERR551362
SAMEA2535039	ERR552971
SAMN08629367	SRR6797640
SAMEA2533785	ERR551221
SAMN08436085	SRR6650106
SAMN04385700	SRR3085318
SAMEA2533730	ERR551142
SAMEA2534660	ERR552454
SAMEA2517364	ERR498293
SAMEA7550643	ERR4817281
SAMN08436089	SRR6650114
SAMEA2535274	ERR2199811
SAMEA2533776	ERR551211
SAMN08629166	SRR6797312
SAMEA2533965	ERR551471
SAMN08436098	SRR6650390
SAMEA2534518	ERR552258
SAMEA104394674	ERR2200098
SAMN08629440	SRR6797710
SAMN08629045	SRR6797869
SAMEA2533964	ERR551469
SAMN08629146	SRR6797658
SAMN08436206	SRR6650303
SAMN08629469	SRR6797581
SAMEA2533385	ERR550676
SAMEA2534635	ERR2199997
SAMN21880271	SRR16097539
SAMEA2534391	ERR552068
SAMEA104394650	ERR2200069
SAMN08629313	SRR6797292
SAMEA2534986	ERR552897
SAMN08629321	SRR6797300
SAMEA2534489	ERR552217
SAMN08628993	SRR6797579
SAMN08629014	SRR6797588
SAMN02419564	SRR1181248
SAMEA104394398	ERR2199764
SAMEA2533504	ERR550831
SAMEA2534542	ERR552287
SAMEA2534091	ERR551649
SAMN08629365	SRR6797642
SAMEA2535205	ERR553198
SAMN08629208	SRR6797336
SAMN08629264	SRR6797634
SAMN08629459	SRR6797452
SAMEA104394418	ERR2199790
SAMEA2534840	ERR552709
SAMEA2534772	ERR552620
SAMEA2534411	ERR552099
SAMEA7549184	ERR4815823
SAMEA2534452	ERR552159
SAMEA2533546	ERR550893
SAMN04385732	SRR3082085
SAMEA2534370	ERR552042
SAMEA2534816	ERR552682
SAMEA2534052	ERR551592
SAMN08629303	SRR6797627
SAMEA2533854	ERR551318
SAMEA2533941	ERR551437
SAMEA2534544	ERR2199805
SAMN08436096	SRR6650392
SAMN02414903	SRR1163360
SAMEA2533550	ERR550901
SAMN08629427	SRR6797680
SAMEA2534323	ERR551970
SAMN08436100	SRR6650399
SAMN08629157	SRR6797490
SAMN08629447	SRR6797661
SAMEA2533994	ERR551511
SAMEA2533916	ERR551401
SAMEA2533409	ERR550707
SAMN08436102	SRR6650345
SAMN08912861	SRR6982112
SAMEA2535180	ERR553157
SAMN08436006	SRR6650121
SAMN08629214	SRR6797533
SAMN08795064	SRR6896605
SAMN08629381	SRR6797377
SAMN08629468	SRR6797611
SAMN08436280	SRR6650361
SAMEA2533937	ERR551432
SAMN08629424	SRR6797679
SAMN08629033	SRR6797416
SAMEA2534682	ERR2200058
SAMEA104172417	ERR2041695
SAMEA2533443	ERR550749
SAMEA2533915	ERR551398
SAMEA2534512	ERR552247
SAMN08436037	SRR6650404
SAMEA2535200	ERR553192
SAMEA2535177	ERR553153
SAMN08436135	SRR6650220
SAMN04385717	SRR3082069
SAMN08629122	SRR6797826
SAMEA2533717	ERR551123
SAMN08436252	SRR6650230
SAMEA2533815	ERR551265
SAMEA2534521	ERR552259
SAMN02419594	SRR1181081
SAMEA2534401	ERR552081
SAMN02419552	SRR1181030
SAMEA2534021	ERR551551
SAMEA2534088	ERR551642
SAMN08629006	SRR6797501
SAMN08629414	SRR6797507
SAMEA2534777	ERR552627
SAMEA2534200	ERR551798
SAMN08629042	SRR6797870
SAMEA2533365	ERR550649
SAMEA2534861	ERR552735
SAMEA104394395	ERR2199755
SAMN08629444	SRR6797646
SAMN08629118	SRR6797410
SAMEA2534292	ERR551923
SAMEA2533358	ERR2199988
SAMEA2534638	ERR2200048
SAMN02419579	SRR1181310
SAMN08629579	SRR6797467
SAMEA2534331	ERR551985
SAMEA104394555	ERR2199954
SAMN08436095	SRR6650391
SAMEA2534691	ERR552501
SAMEA3271667	ERR2515908
SAMN02419559	SRR1181141
SAMEA2534652	ERR552443
SAMN08628998	SRR6797866
SAMEA2534237	ERR551847
SAMN08436228	SRR6650211
SAMN02414916	SRR1144810
SAMEA2535158	ERR553130
SAMEA2533664	ERR551052
SAMEA2535031	ERR552959
SAMEA104394483	ERR2199872
SAMN08629529	SRR6797691
SAMEA36322918	ERR11043685
SAMN08435987	SRR6650185
SAMEA2533360	ERR550640
SAMEA2534690	ERR552499
SAMEA2534108	ERR551674
SAMEA2534654	ERR552446
SAMN02419589	SRR1181207
SAMEA2535016	ERR552940
SAMN08629080	SRR6797791
SAMEA2533765	ERR551192
SAMN08629242	SRR6797610
SAMN08629559	SRR6797784
SAMN08629276	SRR6797558
SAMEA2533702	ERR551101
SAMEA1101704	ERR2510406
SAMN08629194	SRR6797748
SAMN08629078	SRR6797693
SAMN08629337	SRR6797444
SAMN02419550	SRR1180958
SAMEA2534740	ERR552573
SAMEA2533983	ERR551496
SAMEA2534408	ERR552093
SAMN08436065	SRR6650227
SAMN04385698	SRR3085316
SAMN08629097	SRR6797712
SAMEA2535024	ERR552950
SAMEA2533707	ERR551109
SAMEA2533809	ERR551255
SAMEA2533789	ERR551226
SAMN08629526	SRR6797688
SAMN08629025	SRR6797763
SAMEA2534763	ERR552606
SAMEA104172443	ERR2041686
SAMEA2534211	ERR551816
SAMEA2533548	ERR550896
SAMN02419566	SRR1183966
SAMEA2534103	ERR551666
SAMN08629300	SRR6797544
SAMN08629083	SRR6797368
SAMEA2534605	ERR552374
SAMEA2534551	ERR552298
SAMN02414873	SRR1163085
SAMEA115577926	ERR13093874
SAMN08629404	SRR6797350
SAMEA2534427	ERR552123
SAMN04385681	SRR3085297
SAMEA115434301	ERR12796612
SAMEA2534261	ERR551878
SAMN08436012	SRR6650299
SAMEA2533724	ERR551132
SAMEA2534571	ERR552333
SAMEA115578003	ERR13093956
SAMEA2534945	ERR552842
SAMN08629592	SRR6797567
SAMN02419534	SRR1181202
SAMEA2534624	ERR552401
SAMN02419538	SRR1181150
SAMN04385703	SRR3085321
SAMEA104394479	ERR2199866
SAMEA2534550	ERR552295
SAMEA2533639	ERR551020
SAMN08629128	SRR6797824
SAMEA2534842	ERR552712
SAMN08629288	SRR6797725
SAMN08629441	SRR6797711
SAMEA2534859	ERR552734
SAMN08629388	SRR6797799
SAMN41403652	SRR29037024
SAMN08629299	SRR6797535
SAMEA2517357	ERR498288
SAMEA104394404	ERR2199774
SAMN04385754	SRR3082110
SAMN08629558	SRR6797785
SAMEA115577888	ERR13093837
SAMN02414934	SRR1166924
SAMN02419544	SRR1180935
SAMEA2534517	ERR552254
SAMN08295257	SRR6442525
SAMEA2533870	ERR551343
SAMEA2534365	ERR552033
SAMN08629431	SRR6797684
SAMN08629375	SRR6797553
SAMEA2533566	ERR550923
SAMEA2534447	ERR552149
SAMN08629457	SRR6797454
SAMEA2533377	ERR550664
SAMEA2517428	ERR551364
SAMEA2535218	ERR553218
SAMEA2534048	ERR551585
SAMEA2534294	ERR551926
SAMN02414953	SRR1162802
SAMEA2534152	ERR551730
SAMEA2533458	ERR550771
SAMN04385697	SRR3085315
SAMEA2534268	ERR551887
SAMEA2533368	ERR550652
SAMEA104394445	ERR2199824
SAMN08732311	SRR6855784
SAMN02419599	SRR1180997
SAMN08436177	SRR6650365
SAMEA2533453	ERR550763
SAMN02419595	SRR1181082
SAMEA1118698	ERR2513517
SAMEA104172469	ERR2041701
SAMEA2534479	ERR552199
SAMN02419569	SRR1184036
SAMEA2534240	ERR551853
SAMN02419596	SRR1180951
SAMEA2517356	ERR498285
SAMN08436268	SRR6650319
SAMEA2534250	ERR551866
SAMN08436201	SRR6650193
SAMEA104172431	ERR2041700
SAMN08629092	SRR6797717
SAMN08629021	SRR6797594
SAMN08629412	SRR6797509
SAMN08629143	SRR6797655
SAMEA2534670	ERR552469
SAMEA2533722	ERR551129
SAMN08629587	SRR6797307
SAMEA2535320	ERR553342
SAMN02419598	SRR1184001
SAMN08629582	SRR6797674
SAMEA2533466	ERR550784
SAMN02419539	SRR1181018
SAMN02414864	SRR1163355
SAMEA7549074	ERR4815714
SAMN03648002	SRR2467271
SAMEA2534236	ERR551845
SAMEA2533585	ERR550950
SAMEA11006620	ERR7361957
SAMEA2534541	ERR552284
SAMEA2517430	ERR498380
SAMEA2533963	ERR551465
SAMN08629413	SRR6797510
SAMN08628995	SRR6797577
SAMEA2533459	ERR550772
SAMN08629035	SRR6797418
SAMN08629426	SRR6797681
SAMN08629527	SRR6797689
SAMEA1101755	ERR2510457
SAMN02419567	SRR1181278
SAMN08913220	SRR6982437
SAMN02419581	SRR1184121
SAMN41421737	SRR29055612
SAMEA2534061	ERR551604
SAMN15237868	SRR13449598
SAMN02419561	SRR1180937
SAMEA2534424	ERR552117
SAMN08436295	SRR6650285
SAMEA2534187	ERR551781
SAMN02419586	SRR1181095
SAMN08629015	SRR6797587
SAMEA104172459	ERR2041790
SAMEA2534862	ERR552740
SAMEA2533670	ERR551062
SAMN04385779	SRR3082138
SAMN41389319	SRR29017139
SAMEA2534150	ERR551727
SAMN02414865	SRR1144794
SAMN02419565	SRR1181019
SAMN02419548	SRR1183962
SAMEA2534775	ERR552626
SAMN04385669	SRR3085284
SAMEA2533701	ERR551100
SAMEA2535049	ERR552982
SAMEA104394455	ERR2199836
SAMN08629283	SRR6797726
SAMEA2533798	ERR551240
SAMN02419580	SRR1181311
SAMEA2533549	ERR550899
SAMN08629189	SRR6797735
SAMEA2534157	ERR551738
SAMEA104172454	ERR2041797
SAMEA2533430	ERR550733
SAMEA115577944	ERR13093892
SAMEA104394470	ERR2199855
SAMN08629437	SRR6797857
SAMEA2534444	ERR552148
SAMN02414897	SRR1144726
SAMN08436227	SRR6650210
SAMN08629244	SRR6797390
SAMEA115434306	ERR13801213
SAMEA2533853	ERR551315
SAMN08629294	SRR6797540
SAMN08795172	SRR6896485
SAMEA2533843	ERR551296
SAMN08629417	SRR6797514
SAMN08629231	SRR6797531
SAMEA3558217	ERR1213932
SAMN08629089	SRR6797362
SAMEA2534804	ERR552661
SAMEA104394513	ERR2199910
SAMEA104394489	ERR2199880
SAMN07658706	SRR6046003
SAMN08629434	SRR6797862
SAMN08629331	SRR6797709
SAMN02419563	SRR1181098
SAMN08629550	SRR6797483
SAMN02419587	SRR1181007
SAMEA104172420	ERR2041716
SAMN08629357	SRR6797811
SAMN08708979	SRR6832702
SAMN08629370	SRR6797414
SAMN08795192	SRR6896293
SAMEA2517432	ERR498383
SAMEA2534455	ERR552165
SAMEA2534908	ERR552794
SAMEA2534415	ERR552104
SAMN02419568	SRR1181306
SAMN04385767	SRR3082125
SAMN08436264	SRR6650323
SAMEA115577964	ERR13093913
SAMEA2533928	ERR551418
SAMEA2534622	ERR552396
SAMEA2534913	ERR552800
SAMEA2534347	ERR552007
SAMN08629289	SRR6797724
SAMEA2533922	ERR551410
SAMN02414930	SRR1162796
SAMEA2534847	ERR552718
SAMEA2534076	ERR551623
SAMEA104172502	ERR2041740
SAMN08629098	SRR6797715
SAMEA104394476	ERR2199862
SAMN02419602	SRR1180984
SAMN08912763	SRR6982235
SAMEA104172481	ERR2041802
SAMEA7548023	ERR4814664
SAMEA104394505	ERR2199899
SAMEA5569911	ERR3287718
SAMEA104172474	ERR2041713
SAMN08912847	SRR6982255
SAMN08629429	SRR6797682
SAMN02419573	SRR1181308
SAMEA2533794	ERR551233
SAMEA2534582	ERR552346
SAMEA2533513	ERR550842
SAMEA2534612	ERR552384
SAMN02414854	SRR1165498
SAMN08629461	SRR6797450
SAMN08629438	SRR6797858
SAMN08629197	SRR6797747
SAMN02419537	SRR1181304
SAMN04385781	SRR3082140
SAMN13169581	SRR10380252
SAMEA2535198	ERR553184
SAMN02414887	SRR1163093
SAMN08629415	SRR6797508
SAMN13169547	SRR10379958
SAMEA2534098	ERR551660
SAMEA2534179	ERR551767
SAMN02419551	SRR1181128
SAMEA2534749	ERR552586
SAMEA2534607	ERR552377
SAMN02414917	SRR1162854
SAMN04385680	SRR3085296
SAMN02419600	SRR1181033
SAMEA104394396	ERR2199760
SAMN02419597	SRR1180963
SAMEA2534644	ERR552433
SAMEA3404171	ERR2516617
SAMN02414870	SRR1163146
SAMEA2534087	ERR551645
SAMN02414942	SRR1165543
SAMEA2533899	ERR551381
SAMN02419556	SRR1181097
SAMN02414944	SRR1162708
SAMEA2534416	ERR552106
SAMEA115577908	ERR13093856
SAMEA2517445	ERR498389
SAMN02414976	SRR1162878
SAMN08629368	SRR6797637
SAMN08629124	SRR6797828
SAMEA3558205	ERR1213920
SAMN04385682	SRR3085298
SAMN04385684	SRR3085300
SAMEA2533935	ERR551428
SAMN02414948	SRR1162877
SAMEA104394428	ERR2199802
SAMEA1101768	ERR2510469
SAMEA3558199	ERR1034666
SAMN02414941	SRR1162822
SAMN02419592	SRR1180990
SAMEA3558222	ERR1034689
SAMEA104172422	ERR2041799
SAMEA2535362	ERR553393
SAMEA2533856	ERR551321
SAMN02414958	SRR1165436
SAMEA2534306	ERR551942
SAMN08436243	SRR6650135
SAMN08436178	SRR6650366
SAMN08708974	SRR6832709
SAMEA2517433	ERR498385
SAMEA2534515	ERR552251
SAMN02419575	SRR1181111
SAMN08913342	SRR6982424
SAMEA2535054	ERR552993
SAMEA2534397	ERR552075
SAMN02419546	SRR1181116
SAMEA3558156	ERR1213871
SAMEA3558194	ERR1034661
SAMN02419572	SRR1181131
SAMN02419533	SRR1181149
SAMN08629460	SRR6797449
SAMN02419562	SRR1181154
SAMN08629261	SRR6797472
SAMN04385716	SRR3082068
SAMN08629292	SRR6797542
SAMN08436296	SRR6650243
SAMEA2534928	ERR552821
SAMEA2534580	ERR552342
SAMEA2534221	ERR551828
SAMN02414877	SRR1162828
SAMN04385715	SRR3082144
SAMN02419583	SRR1181132
SAMEA2533902	ERR551385
SAMEA2535152	ERR553116
SAMN08795170	SRR6896184
SAMEA104172508	ERR2041693
SAMN02419585	SRR1180989
SAMN08629416	SRR6797513
SAMN41598338	SRR29230910
SAMEA2535194	ERR553178
SAMN08629271	SRR6797643
SAMN02414855	SRR1162833
SAMN04385689	SRR3085306
SAMEA7547044	ERR4813538
SAMEA2533596	ERR550960
SAMEA104394386	ERR2199740
SAMEA2534907	ERR552790
SAMEA2535134	ERR553096
SAMN08436249	SRR6650117
SAMN13169545	SRR10379961
SAMEA2534901	ERR552784
SAMEA2533894	ERR551373
SAMN02414901	SRR1163425
SAMEA104172458	ERR2041737
SAMEA1118844	ERR2513663
SAMEA104394619	ERR2200026
SAMN08629453	SRR6797458
SAMEA2535076	ERR553021
SAMEA104172418	ERR2041690
SAMEA104394490	ERR2199882
SAMEA2534034	ERR551569
SAMEA2533610	ERR550980
SAMN13638029	SRR10851690
SAMEA2534134	ERR551708
SAMN02414981	SRR1162992
SAMEA104172484	ERR2041711
SAMN08629310	SRR6797387
SAMEA2535203	ERR553195
SAMN08913060	SRR6982307
SAMN08629206	SRR6797334
SAMEA104394446	ERR2199826
SAMN02414931	SRR1162801
SAMN08629100	SRR6797721
SAMN02419542	SRR1181109
SAMEA2517446	ERR498391
SAMEA2534216	ERR551822
SAMEA2534766	ERR552611
SAMN02419593	SRR1181208
SAMN02414938	SRR1162836
SAMEA2533547	ERR550894
SAMEA3558229	ERR1034696
SAMN08636996	SRR6807749
SAMN02414968	SRR1163219
SAMEA2534793	ERR552645
SAMEA2533723	ERR551131
SAMEA3346015	ERR2516160
SAMN02414939	SRR1162886
SAMEA2534721	ERR552545
SAMN02414878	SRR1163339
SAMEA104394393	ERR2199752
SAMEA1101751	ERR2510453
SAMN07344595	SRR5818581
SAMEA2533726	ERR551138
SAMN13169569	SRR10379924
SAMN02414946	SRR1162887
SAMN02414987	SRR1162754
SAMN04385707	SRR3082067
SAMEA104394715	ERR2200146
SAMEA2535044	ERR552977
SAMEA104172421	ERR2041704
SAMN02414972	SRR1162848
SAMN04385743	SRR3082097
SAMEA3558155	ERR1213870
SAMN41415594	SRR29049026
SAMN02414857	SRR1165503
SAMN04385708	SRR3082078
SAMN08629343	SRR6797284
SAMEA115577862	ERR13093811
SAMN02419578	SRR1181048
SAMEA104394701	ERR2200128
SAMEA2534536	ERR552277
SAMN08629262	SRR6797415
SAMEA3231293	ERR2515644
SAMN08629327	SRR6797707
SAMEA2534002	ERR551527
SAMN08629258	SRR6797480
SAMEA2534420	ERR552112
SAMEA2534754	ERR552596
SAMN08629263	SRR6797635
SAMN02414899	SRR1163110
SAMN03648557	SRR2101310
SAMEA112188809	ERR10748215
SAMEA7551327	ERR4817964
SAMEA2534329	ERR551977
SAMN02414979	SRR1166915
SAMEA2534405	ERR552086
SAMEA104394718	ERR2200150
SAMN02419584	SRR1180945
SAMN07236396	SRR5709840
SAMEA2534067	ERR551611
SAMEA104172488	ERR2041707
SAMEA104394481	ERR2199869
SAMEA2534333	ERR551986
SAMEA2534290	ERR551918
SAMEA2534172	ERR551757
SAMN08795005	SRR6896525
SAMEA2533814	ERR551258
SAMEA104172515	ERR2041792
SAMEA2534616	ERR552390
SAMEA104172419	ERR2041705
SAMN08629307	SRR6797400
SAMN41598201	SRR29231501
SAMEA2534303	ERR551938
SAMN08795332	SRR6896224
SAMEA2534058	ERR551599
SAMEA2534316	ERR551959
SAMN02414977	SRR1163413
SAMEA2535195	ERR553180
SAMEA3558203	ERR1213918
SAMEA3558197	ERR1034664
SAMN02414962	SRR1163208
SAMN02414980	SRR1163032
SAMEA2535354	ERR553385
SAMEA2534633	ERR552412
SAMEA2534295	ERR551927
SAMEA7553580	ERR4820214
SAMN04385713	SRR3082133
SAMN08629442	SRR6797651
SAMN07236376	SRR5709768
SAMN07236380	SRR11828986
SAMEA2534761	ERR552603
SAMN07236395	SRR5709849
SAMEA3558227	ERR1034694
SAMN07236514	SRR5709935
SAMEA2534499	ERR552228
SAMN02414880	SRR1166909
SAMEA2534893	ERR552771
SAMN04385726	SRR3082079
SAMEA2534696	ERR552509
SAMN04385712	SRR3082122
SAMN02414978	SRR1163041
SAMEA2534311	ERR551951
SAMEA2534241	ERR551854
SAMEA3558152	ERR1213867
SAMEA2535040	ERR552968
SAMN04385719	SRR3082071
SAMN02419541	SRR1180957
SAMEA104394712	ERR2200142
SAMN13169560	SRR10379935
SAMN18498629	SRR14088382
SAMN07236266	SRR5709802
SAMN08709160	SRR6832642
SAMN08436212	SRR6650423
SAMEA104394469	ERR2199853
SAMEA3558231	ERR1034698
SAMN04385638	SRR3085250
SAMEA2533531	ERR550867
SAMN02414918	SRR1163015
SAMEA104394708	ERR2200137
SAMN02414858	SRR1162695
SAMEA115577977	ERR13093926
SAMEA2517427	ERR498373
SAMN08709151	SRR6832627
SAMEA115578004	ERR13093957
SAMN02419555	SRR1181071
SAMN03647315	SRR2100142
SAMEA2534156	ERR551735
SAMN04385690	SRR3085307
SAMN08629408	SRR6797346
SAMN02419560	SRR1180770
SAMN07236269	SRR5709755
SAMEA2534012	ERR551539
SAMN08629101	SRR6797720
SAMN04385731	SRR3082084
SAMEA2533806	ERR551250
SAMEA104394397	ERR2199762
SAMEA2535041	ERR552973
SAMEA2533589	ERR2815527
SAMN02419674	SRR1163432
SAMEA2534693	ERR552503
SAMN08637048	SRR6807754
SAMN08708513	SRR6831970
SAMEA2517429	ERR498377
SAMEA104394707	ERR2200135
SAMN02414902	SRR1163003
SAMEA104394583	ERR2199984
SAMEA104394492	ERR2199885
SAMEA104394506	ERR2199901
SAMN04385761	SRR3082118
SAMEA2534610	ERR552381
SAMEA3558230	ERR1034697
SAMEA2535060	ERR553002
SAMN43780106	SRR30673624
SAMEA2533433	ERR550736
SAMEA2535217	ERR553215
SAMN07659387	SRR6046158
SAMEA2534567	ERR552325
SAMN07236294	SRR5709989
SAMN41455344	SRR29094410
SAMEA2517423	ERR498368
SAMN08637037	SRR6807705
SAMN02419647	SRR1163319
SAMEA2535001	ERR552922
SAMEA2534128	ERR551698
SAMN41390103	SRR29016942
SAMN02414955	SRR1163288
SAMEA2534045	ERR551581
SAMN04385643	SRR3085255
SAMN04385768	SRR3082126
SAMEA104394486	ERR2199876
SAMEA13300678	ERR9125921
SAMN13169796	SRR10380035
SAMEA2534418	ERR552109
SAMEA2533766	ERR551195
SAMEA2534996	ERR552916
SAMEA2534350	ERR552012
SAMN43779883	SRR30673344
SAMN08912713	SRR6982185
SAMEA2533622	ERR550999
SAMN02419626	SRR1163385
SAMN08629340	SRR6797447
SAMN07236512	SRR5709933
SAMN07236511	SRR5709938
SAMEA2533835	ERR551284
SAMEA2534104	ERR551667
SAMEA2535052	ERR552987
SAMN07236539	SRR11828989
SAMEA3558198	ERR1034665
SAMEA2533971	ERR551477
SAMEA2517431	ERR498381
SAMN08629281	SRR6797565
SAMN09651666	SRR7516389
SAMEA104394560	ERR2199959
SAMN08629301	SRR6797543
SAMN02414967	SRR1162811
SAMN07236524	SRR5709885
SAMEA2533467	ERR550787
SAMEA3558161	ERR1213876
SAMEA2533471	ERR550792
SAMEA2534540	ERR552282
SAMN02414851	SRR1162709
SAMEA2533528	ERR550863
SAMEA2534938	ERR552833
SAMN04385742	SRR3082096
SAMN13637909	SRR10851671
SAMN08629277	SRR6797559
SAMEA2534400	ERR552079
SAMN13169563	SRR10379929
SAMEA2533440	ERR550744
SAMEA2534326	ERR551973
SAMEA2533511	ERR550837
SAMEA2533647	ERR551032
SAMN04385655	SRR3085268
SAMN07236518	SRR5709891
SAMEA2533923	ERR551412
SAMEA2534283	ERR551909
SAMEA2535215	ERR553211
SAMEA3558204	ERR1213919
SAMEA2534509	ERR552244
SAMN07236381	SRR5709813
SAMN03648071	SRR2100898
SAMN02414950	SRR1166819
SAMN02414890	SRR1163327
SAMN07236251	SRR5709916
SAMN07236530	SRR5709767
SAMEA2533844	ERR551298
SAMN07360953	SRR11828990
SAMN07236522	SRR5709887
SAMEA2535154	ERR553120
SAMEA1530831	ERR176700
SAMN43780613	SRR30673735
SAMN08795328	SRR6896330
SAMN02419673	SRR1163366
SAMN07236536	SRR5709960
SAMN41455289	SRR29094451
SAMEA2533545	ERR550890
SAMEA2534554	ERR552301
SAMEA2535028	ERR552956
SAMN02419670	SRR1163374
SAMN07236532	SRR5709765
SAMN02414971	SRR1162861
SAMEA2534308	ERR551948
SAMN07236337	SRR5709818
SAMN07236517	SRR5709902
SAMN41468574	SRR29093334
SAMEA2533559	ERR550914
SAMEA2535008	ERR552931
SAMN02419615	SRR1163330
SAMN13169544	SRR10379962
SAMN08629254	SRR6797476
SAMN07236513	SRR5709932
SAMEA897760	ERR036210
SAMN07236537	SRR11828983
SAMN07236252	SRR5709949
SAMEA3558193	ERR1034660
SAMEA2533505	ERR550829
SAMEA2534558	ERR552311
SAMN37367937	SRR26046692
SAMEA2533704	ERR551104
SAMN09651680	SRR7516318
SAMEA2535155	ERR553124
SAMEA2534703	ERR552519
SAMN07236263	SRR5709792
SAMEA2517444	ERR498387
SAMEA2534888	ERR552764
SAMN08709158	SRR6832644
SAMEA2535199	ERR553186
SAMEA2534413	ERR552102
SAMEA897765	ERR036205
SAMN07236535	SRR11828982
SAMEA2534564	ERR552321
SAMN07236540	SRR5710028
SAMEA2534220	ERR551826
SAMN08629445	SRR6797645
SAMN02414975	SRR1162812
SAMEA3558135	ERR1213850
SAMEA897772	ERR036204
SAMN41455187	SRR29081638
SAMN03648974	SRR2101727
SAMEA2535077	ERR553022
SAMEA2534056	ERR551595
SAMN07236315	SRR5709896
SAMN07236519	SRR5709892
SAMEA2534263	ERR551882
SAMN02414959	SRR1162873
SAMEA2535125	ERR553082
SAMN07236521	SRR5709890
SAMEA2534273	ERR551894
SAMN18498636	SRR14088375
SAMEA2535113	ERR553068
SAMEA112188775	ERR10748181
SAMEA2534126	ERR551694
SAMN41597979	SRR29231308
SAMN07236520	SRR5709889
SAMEA2534925	ERR552818
SAMEA2533583	ERR550946
SAMN07236533	SRR5709884
SAMEA2534314	ERR551956
SAMEA3558157	ERR1213872
SAMEA2533484	ERR550806
SAMEA104394653	ERR2200072
SAMN02414847	SRR1162707
SAMEA2533570	ERR550928
SAMEA2533993	ERR551509
SAMEA2535298	ERR553313
SAMEA2534496	ERR552225
SAMEA104394423	ERR2199797
SAMEA115746607	ERR13285418
SAMEA104394511	ERR2199907
SAMN08629328	SRR6797704
SAMEA2535005	ERR552926
SAMEA3558226	ERR1034693
SAMN02419618	SRR1163296
SAMN08629376	SRR6797382
SAMN07236526	SRR11828976
SAMN02414986	SRR1162959
SAMEA2534634	ERR552417
SAMEA2517417	ERR498353
SAMEA2533962	ERR551466
SAMN03647532	SRR2467270
SAMN07236527	SRR5709900
SAMEA897837	ERR036240
SAMN08629351	SRR6797289
SAMN02419669	SRR1166908
SAMEA13294826	ERR9121554
SAMEA2534977	ERR552882
SAMEA961581	ERR025839
SAMEA961582	ERR025838
SAMN09651748	SRR7516376
SAMN07236270	SRR5709756
SAMN04385661	SRR3085275
SAMN08629326	SRR6797706
SAMEA3558151	ERR1213866
SAMN41598184	SRR29231520
SAMEA2534631	ERR552409
SAMN41403650	SRR29037031
SAMEA104394663	ERR2200083
SAMEA3558192	ERR1034659
SAMEA1556847	ERR181844
SAMN08732254	SRR6855758
SAMEA2533419	ERR550718
SAMN04385762	SRR3082119
SAMEA3558196	ERR1034663
SAMEA2534474	ERR552191
SAMN41468361	SRR29093116
SAMN07236261	SRR11828975
SAMEA2535315	ERR553334
SAMN04385632	SRR3085302
SAMN08732167	SRR6856084
SAMEA2533390	ERR550684
SAMEA1485288	ERR161188
SAMEA2533992	ERR551506
SAMN13169657	SRR10380093
SAMN07236297	SRR5709990
SAMN02419610	SRR1163329
SAMEA897780	ERR036199
SAMN04385664	SRR3085278
SAMEA2535287	ERR553300
SAMN41468363	SRR29093112
SAMN02419668	SRR1163431
SAMEA2533636	ERR551015
SAMEA2533862	ERR551332
SAMN02414954	SRR1166875
SAMEA897758	ERR036201
SAMEA2534642	ERR552429
SAMEA1530627	ERR176611
SAMN03648980	SRR2101733
SAMEA1688506	ERR221593
SAMEA1485236	ERR161061
SAMN04385777	SRR3082136
SAMEA2535188	ERR553170
SAMEA13299802	ERR9125045
SAMN41415593	SRR29049029
SAMN02419658	SRR1166917
SAMN02419654	SRR1163338
SAMN02419641	SRR1163303
SAMEA897848	ERR036217
SAMN02419638	SRR1163354
SAMEA2517422	ERR498366
SAMN07236306	SRR5710011
SAMN02419622	SRR1163412
SAMN02419666	SRR1163287
SAMN09651722	SRR7516404
SAMN41415595	SRR29049024
SAMN09651729	SRR7516407
SAMN07236265	SRR5709794
SAMEA13300425	ERR9125668
SAMEA1485319	ERR161086
SAMN04385685	SRR3085301
SAMEA2534301	ERR551935
SAMEA897771	ERR036203
SAMEA3558191	ERR1034658
SAMN13207936	SRR10397205
SAMEA2534389	ERR552064
SAMN08436223	SRR6650206
SAMEA2534623	ERR552398
SAMEA2533519	ERR550848
SAMN07236311	SRR5710024
SAMEA897762	ERR036208
SAMEA2533840	ERR551292
SAMEA3558218	ERR1034685
SAMEA897861	ERR036227
SAMN07236264	SRR5709795
SAMEA1485362	ERR161109
SAMEA2534178	ERR551764
SAMN02414846	SRR1165468
SAMEA2534798	ERR552652
SAMEA897811	ERR036221
SAMEA36314668	ERR11083067
SAMEA3558164	ERR1213879
SAMN02419657	SRR1163286
SAMN02419656	SRR1163299
SAMN04385755	SRR3082112
SAMEA2534699	ERR552513
SAMN41597989	SRR29230972
SAMEA3558228	ERR1034695
SAMN02419624	SRR1163363
SAMEA2534335	ERR551991
SAMN08436172	SRR6650372
SAMN08436171	SRR6650371
SAMN08436238	SRR6650257
SAMEA2534248	ERR551861
SAMN08795279	SRR6896551
SAMN03647308	SRR2100135
SAMN02419679	SRR1163380
SAMEA2517425	ERR498371
SAMN21857596	SRR16089839
SAMN02419646	SRR1163365
SAMN02414900	SRR1163039
SAMEA961584	ERR025836
SAMN04385765	SRR3082123
SAMN13169688	SRR10380054
SAMEA1530875	ERR176598
SAMN13169744	SRR10380227
SAMN02419644	SRR1163386
SAMEA115745397	ERR13284187
SAMN02419686	SRR1163452
SAMEA3558167	ERR1213882
SAMN02419632	SRR1163371
SAMN08143491	SRR6356981
SAMN08732518	SRR6855679
SAMEA2517424	ERR498370
SAMEA2535341	ERR10849241
SAMN03648976	SRR2101729
SAMN02419667	SRR1163406
SAMEA2535278	ERR2200086
SAMEA13300646	ERR9125889
SAMN08436159	SRR6650149
SAMN02419685	SRR1163407
SAMN08636983	SRR6807727
SAMEA897844	ERR036241
SAMN07236279	SRR11828992
SAMEA11006704	ERR7362040
SAMN02419627	SRR1163430
SAMN02419649	SRR1163405
SAMN02414964	SRR1163483
SAMN07236299	SRR11828985
SAMEA2535021	ERR552947
SAMN02419650	SRR1163349
SAMN02419660	SRR1163373
SAMEA2534181	ERR551770
SAMEA7546307	ERR4812802
SAMN41415596	SRR29049034
SAMEA104362069	ERR2184228
SAMN20693342	SRR16370315
SAMN41598306	SRR29231469
SAMEA3558195	ERR1034662
SAMEA2535098	ERR553050
SAMEA1485231	ERR161069
SAMEA897898	ERR036220
SAMEA3558186	ERR1034653
SAMEA115745229	ERR13284021
SAMN02419659	SRR1163397
SAMN02419630	SRR1163421
SAMN13169502	SRR10379998
SAMN02419655	SRR1163423
SAMN13169735	SRR10379904
SAMN20693269	SRR16370396
SAMEA3558223	ERR1034690
SAMEA104362087	ERR2184246
SAMN07236255	SRR5709912
SAMEA897845	ERR036218
SAMEA104362169	ERR2184328
SAMN41389305	SRR29017182
SAMN08629323	SRR6797703
SAMN41403654	SRR29037020
SAMEA3558233	ERR1034700
SAMN41468725	SRR29093535
SAMN02419604	SRR1166916
SAMEA961608	ERR025834
SAMN04385764	SRR3082121
SAMN04385784	SRR3082107
SAMEA3558138	ERR1213853
SAMEA104362260	ERR2184419
SAMN13169557	SRR10379945
SAMN13169638	SRR10380026
SAMN43779983	SRR30673375
SAMN03647561	SRR2100388
SAMN02419680	SRR1166911
SAMN43779901	SRR30673508
SAMN04385775	SRR3082134
SAMN02419675	SRR1163387
SAMEA3558201	ERR1213916
SAMN03648970	SRR2101723
SAMEA2517426	ERR498372
SAMEA897759	ERR036200
SAMN08637007	SRR6807694
SAMEA2534309	ERR551946
SAMEA3558188	ERR1034655
SAMN07236331	SRR11828984
SAMN09088061	SRR7130777
SAMN41389486	SRR29017418
SAMEA2533407	ERR550703
SAMEA2533628	ERR551006
SAMN02419678	SRR1163399
SAMEA3558215	ERR1034682
SAMN07236290	SRR5709780
SAMEA3558190	ERR1034657
SAMEA3558214	ERR1034681
SAMEA2535126	ERR553085
SAMEA5569759	ERR3287566
SAMEA2534661	ERR552457
SAMN34257500	SRR24222920
SAMEA897829	ERR036239
SAMN21857206	SRR16089634
SAMEA2534018	ERR551548
SAMN07236352	SRR5709920
SAMN27763638	SRR18912068
SAMEA2534433	ERR552130
SAMN08912728	SRR6982540
SAMN13169757	SRR10380192
SAMN43780651	SRR30673206
SAMEA2534464	ERR552177
SAMEA3558132	ERR1213847
SAMN03648971	SRR2101724
SAMEA13300218	ERR9125461
SAMEA3558133	ERR1213848
SAMN08629304	SRR6797397
SAMN02419642	SRR1163393
SAMN02419676	SRR1163326
SAMEA897778	ERR036188
SAMEA2533959	ERR551460
SAMEA36325168	ERR1768642
SAMN08637053	SRR6807763
SAMN08636982	SRR6807728
SAMN43779925	SRR30673242
SAMEA961609	ERR025835
SAMN02419620	SRR1163368
SAMEA3558212	ERR1213927
SAMEA3558137	ERR1213852
SAMEA2533860	ERR551327
SAMN13169710	SRR10380108
SAMN03648080	SRR2100907
SAMEA3558171	ERR1034638
SAMEA3558234	ERR1034701
SAMN41455399	SRR29094464
SAMEA104362153	ERR2184312
SAMEA3558180	ERR1034647
SAMN13169727	SRR10380244
SAMEA2533555	ERR550909
SAMEA897902	ERR036213
SAMEA13294887	ERR9121618
SAMN07236318	SRR5709863
SAMEA115745364	ERR13284156
SAMEA5570005	ERR3287811
SAMEA2533346	ERR550624
SAMEA104394413	ERR2199785
SAMN04385757	SRR3082114
SAMN02419639	SRR1163376
SAMEA2533836	ERR551288
SAMN04385774	SRR3082132
SAMN20693270	SRR16370395
SAMEA2533518	ERR550852
SAMN02419608	SRR1163317
SAMN02419672	SRR1163315
SAMN04385634	SRR3085324
SAMN41389615	SRR29017405
SAMN13207954	SRR10397163
SAMEA104362268	ERR2184427
SAMN02419677	SRR1163416
SAMN04385648	SRR3085261
SAMEA897761	ERR036209
SAMN21880284	SRR16097548
SAMN03648978	SRR2101731
SAMEA961583	ERR025837
SAMEA2533997	ERR551519
SAMEA897849	ERR036222
SAMN02414919	SRR1163094
SAMN02419636	SRR1163291
SAMEA104362262	ERR2184421
SAMN41389428	SRR29017696
SAMN02419651	SRR1163298
SAMEA104362508	ERR2184667
SAMEA3558136	ERR1213851
SAMN41455345	SRR29094409
SAMEA5569697	ERR3287504
SAMEA104362063	ERR2184222
SAMEA13300061	ERR9125305
SAMEA5569539	ERR3287346
SAMN02419612	SRR1163404
SAMN02419605	SRR1163347
SAMEA897854	ERR036247
SAMEA112188979	ERR10748385
SAMN08913188	SRR6982072
SAMEA3558187	ERR1034654
SAMEA2533646	ERR551028
SAMEA104362427	ERR2184586
SAMN41455347	SRR29094406
SAMN43779998	SRR30673361
SAMN04385763	SRR3082120
SAMEA897873	ERR036225
SAMEA5569750	ERR3287557
SAMEA3558172	ERR1034639
SAMEA3558129	ERR1213844
SAMEA897802	ERR036186
SAMEA897776	ERR036197
SAMEA3558178	ERR1034645
SAMEA3558110	ERR1213825
SAMN04385782	SRR3082141
SAMEA104362172	ERR2184331
SAMEA3558181	ERR1034648
SAMEA3558153	ERR1213868
SAMEA2534028	ERR551561
SAMEA897839	ERR036249
SAMEA13299902	ERR9125146
SAMEA3558232	ERR1034699
SAMN41598970	SRR29231825
SAMEA104362376	ERR2184535
SAMEA5569520	ERR3287327
SAMEA5569681	ERR3287488
SAMEA3558124	ERR1213839
SAMN02419611	SRR1163332
SAMEA5569904	ERR3287711
SAMEA897889	ERR036238
SAMN41597938	SRR29231411
SAMEA5569995	ERR3287801
SAMEA112188985	ERR10748391
SAMEA897832	ERR036234
SAMEA897800	ERR036193
SAMEA5569798	ERR3287605
SAMN04385675	SRR3085290
SAMEA3558179	ERR1034646
SAMEA961610	ERR025833
SAMN07236260	SRR5709799
SAMEA897862	ERR036228
SAMEA3558177	ERR1034644
SAMN08912729	SRR6982541
SAMEA104362473	ERR2184632
SAMN07236286	SRR5710015
SAMN07236295	SRR5709991
SAMEA5569998	ERR3287804
SAMEA5569803	ERR3287610
SAMEA5569751	ERR3287558
SAMN34257473	SRR24223042
SAMEA3558111	ERR1213826
SAMEA3558117	ERR1213832
SAMEA112189129	ERR10748535
SAMEA3558216	ERR1034683
SAMEA2533933	ERR551425
SAMN41421689	SRR29055951
SAMEA3558176	ERR1034643
SAMN13208015	SRR10397096
SAMN04385649	SRR3085262
SAMEA7546545	ERR4813040
SAMEA2533859	ERR551326
SAMEA104362303	ERR2184462
SAMN13169748	SRR10380223
SAMN07236302	SRR5709803
SAMEA5569694	ERR3287501
SAMEA3558150	ERR1213865
SAMEA897860	ERR036226
SAMEA2534266	ERR551885
SAMEA897847	ERR036216
SAMEA104362198	ERR2184357
SAMEA897859	ERR036245
SAMEA5569801	ERR3287608
SAMEA3558213	ERR1034680
SAMN02414970	SRR1166935
SAMN02419621	SRR1163414
SAMEA104362319	ERR2184478
SAMEA5569997	ERR3287803
SAMEA115744507	ERR13275912
SAMEA2533795	ERR551236
SAMEA3558206	ERR1213921
SAMN02419607	SRR1163309
SAMEA3558225	ERR1213940
SAMEA2533532	ERR550871
SAMEA2535270	ERR553280
SAMN02419662	SRR1163325
SAMN03647131	SRR2099958
SAMN03647217	SRR2100044
SAMN03648284	SRR2101037
SAMEA104362334	ERR2184493
SAMN02419681	SRR1163304
SAMN13169515	SRR10380186
SAMEA1569255	ERR212060
SAMEA3558123	ERR1213838
SAMEA5569827	ERR3287634
SAMEA104362495	ERR2184654
SAMN41471646	SRR29096506
SAMEA5570051	ERR3287857
SAMN41598442	SRR29231430
SAMEA104362086	ERR2184245
SAMEA5569510	ERR3287317
SAMN04385772	SRR3082130
SAMEA2533483	ERR550804
SAMEA3558131	ERR1213846
SAMN41455375	SRR29094371
SAMN03648095	SRR2100922
SAMEA961640	ERR025847
SAMEA897831	ERR036248
SAMEA115745390	ERR13284179
SAMEA897875	ERR036230
SAMEA897906	ERR036235
SAMEA3558120	ERR1213835
SAMEA3558211	ERR1213926
SAMEA3558170	ERR1034637
SAMEA897891	ERR036229
SAMEA3558146	ERR1213861
SAMEA897878	ERR036231
SAMEA3558114	ERR1213829
SAMEA3558145	ERR1213860
SAMN07236257	SRR5710013
SAMN02419614	SRR1169073
SAMN03647140	SRR2099967
SAMEA3558208	ERR1213923
SAMEA897853	ERR036246
SAMN20693572	SRR16370560
SAMEA2534994	ERR552913
SAMEA3558143	ERR1213858
SAMEA1556514	ERR181766
SAMEA2533995	ERR551517
SAMEA2534361	ERR552026
SAMEA2533662	ERR551049
SAMEA7545753	ERR4812249
SAMN13169484	SRR10380219
SAMN09651713	SRR7516420
SAMEA5569978	ERR3287784
SAMEA897857	ERR036243
SAMEA3558119	ERR1213834
SAMEA3558139	ERR1213854
SAMEA3558419	ERR1034886
SAMEA5569828	ERR3287635
SAMEA2533593	ERR550957
SAMEA5569651	ERR3287458
SAMN04385752	SRR3082108
SAMN02414983	SRR1162888
SAMEA3558147	ERR1213862
SAMEA5569632	ERR3287439
SAMN07360948	SRR5837710
SAMN04385635	SRR3085325
SAMEA3558128	ERR1213843
SAMN41471766	SRR29096828
SAMEA3558144	ERR1213859
SAMEA115745180	ERR13281463
SAMN02419643	SRR1169001
SAMN02419617	SRR1168981
SAMEA5569996	ERR3287802
SAMN02419634	SRR1163392
SAMEA3558210	ERR1213925
SAMN21857514	SRR16089669
SAMEA104362398	ERR2184557
SAMN13169498	SRR10379988
SAMEA3558325	ERR1034792
SAMEA961641	ERR025848
SAMEA7546866	ERR4813361
SAMEA5569879	ERR3287686
SAMN07236309	SRR11828977
SAMEA3558162	ERR1213877
SAMN13208027	SRR10397263
SAMEA3558174	ERR1034641
SAMEA3558126	ERR1213841
SAMN02419661	SRR1168987
SAMEA7545743	ERR4812239
SAMN22322590	SRR16503843
SAMN07236349	SRR11828981
SAMEA6990826	ERR4276869
SAMEA897905	ERR036236
SAMEA5569891	ERR3287698
SAMN41468334	SRR29093938
SAMN41597990	SRR29230970
SAMEA2533447	ERR2815550
SAMN02419664	SRR1168992
SAMEA5569642	ERR3287449
SAMN02419635	SRR1169064
SAMN21881830	SRR16099292
SAMEA5570060	ERR3287866
SAMEA3558207	ERR1213922
SAMEA5569880	ERR3287687
SAMN41389515	SRR29016838
SAMEA3558122	ERR1213837
SAMN02419628	SRR1169027
SAMEA5569575	ERR3287382
SAMEA897777	ERR036187
SAMN41597912	SRR29231503
SAMN13051719	SRR10303346
SAMEA897850	ERR036223
SAMEA897775	ERR036196
SAMEA3558221	ERR1213936
SAMEA3558209	ERR1213924
SAMEA9070147	ERR6362139
SAMEA7545766	ERR4812262
SAMEA3558118	ERR1213833
SAMEA3558140	ERR1213855
SAMEA897846	ERR036219
SAMEA3558158	ERR1213873
SAMN02419637	SRR1169102
SAMEA3558168	ERR1213883
SAMEA3558464	ERR1034931
SAMN21880281	SRR16097552
SAMEA115745142	ERR13276422
SAMEA3558112	ERR1213827
SAMN43780283	SRR30673269
SAMEA897774	ERR036195
SAMEA897877	ERR036232
SAMN04385750	SRR3082105
SAMN08629345	SRR6797286
SAMEA5569854	ERR3287661
SAMEA3558127	ERR1213842
SAMEA3558141	ERR1213856
SAMEA897858	ERR036244
SAMEA5570067	ERR3287873
SAMEA1018900	ERR046772
SAMN02419629	SRR1169129
SAMEA115745358	ERR13284152
SAMEA115745675	ERR13284466
SAMEA3558173	ERR1034640
SAMEA5569971	ERR3287777
SAMN04385647	SRR3085260
SAMEA897826	ERR036206
SAMEA3558154	ERR1213869
SAMEA3558121	ERR1213836
SAMN20693535	SRR16370600
SAMEA897805	ERR036190
SAMEA13294523	ERR9121230
SAMEA3558175	ERR1034642
SAMEA3558115	ERR1213830
SAMEA9070157	ERR5987187
SAMEA112806696	ERR11083065
SAMEA961586	ERR025843
SAMN04385654	SRR3085267
SAMEA6451257	ERR3794361
SAMEA3558142	ERR1213857
SAMEA897768	ERR036212
SAMEA9070145	ERR6362146
SAMEA3558130	ERR1213845
SAMN13207943	SRR10397175
SAMEA13294720	ERR9121440
SAMEA3558166	ERR1213881
SAMN41598989	SRR29231804
SAMN02419616	SRR1169116
SAMEA897804	ERR036191
SAMN41418011	SRR29053394
SAMN41471551	SRR29096925
SAMEA3558109	ERR1213824
SAMN41597977	SRR29231549
SAMN03647262	SRR2467265
SAMEA961585	ERR025844
SAMEA115746649	ERR13285465
SAMEA2533858	ERR551324
SAMN03653304	SRR2024886
SAMN03647578	SRR2100405
SAMEA961587	ERR025842
SAMN41598839	SRR29231561
SAMN13169468	SRR10379893
SAMEA3558113	ERR1213828
SAMEA115744782	ERR13276092
SAMN13169488	SRR10380218
SAMEA7547005	ERR4813499
SAMN41598981	SRR29231813
SAMN04385671	SRR3085286
SAMEA7423538	ERR4872249
SAMEA3558185	ERR1213900
SAMEA961579	ERR025846
SAMEA3558125	ERR1213840
SAMEA897801	ERR036192
SAMN20693490	SRR16370650
SAMEA3558235	ERR1213950
SAMN41598341	SRR29230906
SAMEA115746034	ERR13284799
SAMEA95497918	ERR1873463
SAMEA115745178	ERR13281461
SAMN07236308	SRR11828978
SAMEA3558116	ERR1213831
SAMN07236303	SRR5709903
SAMEA7423440	ERR4872246
SAMN41598202	SRR29231500
SAMN03653313	SRR2024896
SAMEA7546308	ERR4812803
SAMN41598782	SRR29231007
SAMN41598808	SRR29230795
SAMEA3558149	ERR1213864
SAMEA3558169	ERR1213884
SAMEA112806685	ERR11083054
SAMEA3558159	ERR1213874
SAMEA115745128	ERR13276406
SAMEA7423365	ERR4872217
SAMN03653261	SRR2024959
SAMEA897864	ERR036214
SAMEA115746391	ERR13285182
SAMN03653285	SRR2024985
SAMEA7423373	ERR4872167
SAMEA3558183	ERR1213898
SAMN03653290	SRR2024991
SAMN03653268	SRR2024966
SAMN03653220	SRR2024914
SAMEA897856	ERR036242
SAMEA3558160	ERR1213875
SAMN07236305	SRR11828979
SAMEA7546188	ERR4812683
SAMEA114089380	ERR11775011
SAMN03653241	SRR2024937
SAMN07236285	SRR5710016
SAMEA3558148	ERR1213863
SAMN32938664	SRR23252671
SAMN03653235	SRR2024930
SAMN03653253	SRR2024950
SAMEA897769	ERR036202
SAMN03653224	SRR2024918
SAMN43780393	SRR30673583
SAMEA2533476	ERR550797
SAMN07236385	SRR5709809
SAMEA115745505	ERR13284294
SAMN28552765	SRR19318143
SAMEA3558182	ERR1213897
SAMN03653206	SRR2024957
SAMEA13299666	ERR9124909
SAMEA3558184	ERR1034651
SAMEA115745504	ERR13284293
SAMEA6990827	ERR4276868
SAMN03653210	SRR2024881
SAMN03653252	SRR2024949
SAMN03653219	SRR2024912
SAMN03653207	SRR2024968
SAMEA115746665	ERR13285484
SAMN03653251	SRR2024948
SAMN03653212	SRR2024903
SAMEA7542379	ERR4810804
SAMEA3558134	ERR1213849
SAMN03653293	SRR2024994
SAMN03653245	SRR2024941
SAMN03653273	SRR2024972
SAMN03653311	SRR2024894
SAMEA897779	ERR036189
SAMN43780480	SRR30673752
SAMEA7543872	ERR4810813
SAMEA114089876	ERR11773808
SAMN43780450	SRR30673225
SAMN03653213	SRR2024906
SAMN03653203	SRR2024924
SAMN03653286	SRR2024986
SAMN03653299	SRR2025000
SAMN03653288	SRR2024988
SAMN03653239	SRR2024934
SAMN03653298	SRR2024999
SAMEA1708422	ERR245826
SAMN03653271	SRR2024970
SAMEA13299882	ERR9125126
SAMEA115745005	ERR13276286
SAMN03653292	SRR2024993
SAMN03653216	SRR2024909
SAMN03653276	SRR2024975
SAMN03653302	SRR2024884
SAMN43780510	SRR30673713
SAMN03653205	SRR2024946
SAMN03653321	SRR2024905
SAMN03653217	SRR2024910
SAMN03653291	SRR2024992
SAMEA787730	ERR038751
SAMN03653255	SRR2024952
SAMN03653314	SRR2024897
SAMEA7543868	ERR4810809
SAMN03653240	SRR2024936
SAMN03653294	SRR2024995
SAMN03653295	SRR2024996
SAMN03653308	SRR2024890
SAMN03653267	SRR2024965
SAMN03653284	SRR2024984
SAMN03653200	SRR2024879
SAMN03653320	SRR2024904
SAMN03653307	SRR2024889
SAMN03653278	SRR2024977
SAMN03653274	SRR2024973
SAMN03653316	SRR2024899
SAMN03653243	SRR2024939
SAMN03653263	SRR2024961
SAMN03653254	SRR2024951
SAMN03653249	SRR2024945
SAMN03653218	SRR2024911
SAMEA2534419	ERR552110
SAMN03653310	SRR2024893
SAMN03653279	SRR2024978
SAMN03653289	SRR2024989
SAMN03653248	SRR2024944
SAMN03653265	SRR2024963
SAMN03653303	SRR2024885
SAMN03653237	SRR2024932
SAMN03653280	SRR2024980
SAMN03653266	SRR2024964
SAMN03653202	SRR2024913
SAMN03653309	SRR2024891
SAMN03653233	SRR2024928
SAMN03653270	SRR2024969
SAMN03653301	SRR2024883
SAMN03653269	SRR2024967
SAMN03653260	SRR2024958
SAMN03653281	SRR2024981
SAMN03653257	SRR2024954
SAMN03653315	SRR2024898
SAMN03653287	SRR2024987
SAMN03653246	SRR2024942
SAMN03653259	SRR2024956
SAMN03653283	SRR2024983
SAMN03653305	SRR2024887
SAMN03653232	SRR2024927
SAMN03653214	SRR2024907
SAMN03653211	SRR2024892
SAMN05001047	SRR3544730
SAMN03653204	SRR2024935
SAMN03653227	SRR2024921
SAMN03653201	SRR2024880
SAMN03653221	SRR2024915
SAMEA112803934	ERR11044250
SAMN03653225	SRR2024919
SAMN41724460	SRR29440731
SAMN03653297	SRR2024998
SAMN03653222	SRR2024916
SAMN03653229	SRR2024923
SAMN03653238	SRR2024933
SAMN03653236	SRR2024931
SAMN03653282	SRR2024982
SAMN03653262	SRR2024960
SAMN03653306	SRR2024888
SAMN03653242	SRR2024938
SAMN03653226	SRR2024920
SAMN03653223	SRR2024917
SAMN03653275	SRR2024974
SAMN03653230	SRR2024925
SAMN43780497	SRR30673055
SAMN03653264	SRR2024962
SAMEA3558666	ERR1035133
SAMN03653317	SRR2024900
SAMEA114089362	ERR11774989
SAMN03653215	SRR2024908
SAMN03653231	SRR2024926
SAMN03653300	SRR2024882
SAMN03653296	SRR2024997
SAMN03653258	SRR2024955
SAMN03653234	SRR2024929
SAMN03653244	SRR2024940
SAMN03653312	SRR2024895
SAMN41468791	SRR29094060
SAMEA3558557	ERR1035024
SAMN13937512	SRR11033753
SAMEA3558558	ERR1035025
SAMN13937587	SRR11033673
SAMN33243741	SRR23402841
SAMN13937520	SRR11033746
